CHSTNAME,longitude,latitude
"Zürich, Am Suteracher",8.4697757118304,47.3909433235979
"Zürich, Juchhof",8.47316405897465,47.3983159083552
"Zürich, Bristenstrasse",8.48705768046056,47.3900772086245
"Zürich, Segantinistrasse",8.48997002352988,47.4074470694447
"Zürich, Albisrank",8.4946692479644,47.3798165131496
"Zürich, Sackzelg",8.49551503957973,47.3743847546539
"Zürich, Holzerhurd",8.49661506967345,47.4238022370273
"Zürich, Zwielplatz",8.49655679555073,47.4021878675843
"Zürich, Zielweg",8.49758937829341,47.3588222304101
"Zürich, Friedhof Uetliberg",8.50060526634717,47.3587045841131
"Zürich, Hardturm",8.5044272907895,47.3942808944975
"Zürich, Friesenbergstrasse",8.50509388374172,47.3620633760758
"Zürich, Bernoulli-Häuser",8.50870884931639,47.3937645890407
"Zürich, Herdernstrasse",8.50916514295058,47.3848282761198
"Zürich, Hegianwandweg",8.51000252014333,47.3566478471237
"Zürich, Einfangstrasse",8.51292638980759,47.4157002772026
"Zürich, Eschergutweg",8.51298702715627,47.3963694351775
"Zürich, Bertastrasse",8.51346078422114,47.3738863492713
"Zürich, Pflegezentr. Käferberg",8.51770331901117,47.3996536574648
"Zürich, Glaubtenstrasse Nord",8.51965233285628,47.4147470733195
"Zürich, Escher-Wyss-Platz",8.52304090893802,47.3904737129279
"Zürich, Neuaffoltern",8.52502638980331,47.4118452759024
"Zürich Brunau, Bahnhof",8.52599796081554,47.3516859144424
"Zürich, Waffenplatz-/Bederstr.",8.52650598706065,47.3616657660794
"Zürich, Militär-/Langstrasse",8.52762691587789,47.3796004905392
Zürich Wipkingen,8.52918266856011,47.3922059298305
"Zürich, Besenrainweg",8.52877863927903,47.3465594197494
"Zürich, Bahnhof Wipkingen",8.52978933150596,47.3933695623459
"Zürich, Morgental",8.53014130222357,47.343946930492
"Zürich, Limmatplatz",8.53162291289895,47.3846000126531
"Zürich, Brunaustrasse",8.53221751479543,47.3561337618327
"Zürich, Tunnelstrasse",8.53252874476546,47.3661424336823
"Zürich, Widmerstrasse",8.53289252633286,47.3367786788558
"Zürich, Sihlpost / HB",8.53420285297953,47.3760931820485
"Zürich, Sihlstrasse",8.53457441070931,47.3722667256548
"Zürich, Landiwiese",8.53422973448297,47.3509874294551
"Zürich, Museum für Gestaltung",8.53493599801038,47.3821219524533
"Zürich, Nordstrasse",8.53616299148206,47.3883259205105
"Zürich, Laubiweg",8.53633999676851,47.3949895993703
"Zürich, Sihlquai/HB",8.53760462520846,47.3798748030316
"Zürich, Kronenstrasse",8.53931029067145,47.3880800988748
"Zürich, Käshaldenstrasse",8.54102425327247,47.4299536907537
Zürich Landesmuseum (See),8.54153542698523,47.3791177318033
"Zürich, Leimgrübelstrasse",8.543661608814,47.4286512281501
"Zürich, Rudolf-Brun-Brücke",8.54292481767584,47.3739502430035
"Zürich, Central",8.54396400290337,47.3768097549161
"Zürich, Berghaldenstrasse",8.59006600369714,47.3586477761705
"Zürich, Hirzenbach",8.59116262938215,47.4032530643795
"Zürich, Segeten",8.59429240263899,47.3557540517308
"Zürich, Wiesliacher",8.5968090460507,47.3552161043961
"Zürich, Trichtisal",8.60071317160588,47.3539625122888
"Zürich, Spyriplatz",8.55197082325336,47.382282868037
"Zürich, Oerlikerhus",8.55420635256528,47.4175850351715
"Zürich, Kreuzplatz",8.55394121742339,47.3650561092979
"Zürich, Hottingerplatz",8.55443018035518,47.3694410363028
"Zürich, Bethanien",8.55599470424919,47.3809127375764
"Zürich, Botanischer Garten",8.55783284596423,47.3593424873674
"Zürich, Krönleinstrasse",8.56103007684027,47.3841921314201
"Zürich, Ueberlandpark",8.56387329905355,47.4059416670123
"Zürich, Klosbach",8.5641480098904,47.3700303804085
"Zürich, Flühgasse",8.56947931179806,47.3504586592533
"Zürich, Herzogenmühlestrasse",8.57270490629862,47.4075284357467
"Zürich, Friedhof Enzenbühl",8.58027762941327,47.3509730614503
"Zürich, Luchswiesen",8.58587477770082,47.4068767443528
"Zürich, Feusisbergli",8.47097476469579,47.3926686500993
"Zürich, Riedhofstrasse",8.47957750514946,47.409924789625
"Zürich, Werdhölzli",8.4820172370338,47.3978315447426
"Zürich, Untermoosstrasse",8.48338641527499,47.3798291479013
"Zürich, Seidelhof",8.48371628166662,47.3919244694601
"Zürich, Vulkanstrasse",8.48408177068238,47.3943498141198
"Uetliberg, Bahnhof",8.48779830674555,47.3523451676167
"Zürich, Tüffenwies",8.49471018801038,47.3979231359551
"Zürich, Michelstrasse",8.49560548732104,47.4063252714579
Zürich Triemli,8.49522194411054,47.3649425971122
Zürich Schweighof,8.50313997485834,47.3649868244776
"Zürich, Zehntenhausplatz",8.5064625090962,47.4191602624479
"Zürich, Alte Trotte",8.50764653971649,47.3975973098954
"Zürich, Albisriederplatz",8.51039630094796,47.3782144765403
"Zürich, Friedhof Sihlfeld",8.5108933759116,47.3759341064219
"Zürich, Höfliweg",8.51095036746325,47.3675771265394
"Zürich, Uetlihof",8.51396228382092,47.3567369726986
"Zürich, Bahnhof Hardbrücke",8.5170928756872,47.3852043012458
"Zürich, Frymannstrasse",8.519150441405,47.3351360774036
"Zürich,Kalkbreite/Bhf.Wiedikon",8.52132401058151,47.3744245824957
Zürich Giesshübel,8.52198537815667,47.3626617477213
"Zürich, Brunau/Mutschellenstr.",8.52690344129194,47.3551944980843
"Zürich, Hügelstrasse",8.52699819704375,47.3585398077998
"Zürich, Röntgenstrasse",8.52926381262856,47.3819327714929
"Zürich, Stauffacher",8.52924860478715,47.3734235356202
"Zürich, Kanonengasse",8.53030532622138,47.3784688120859
Zürich Enge,8.53064695808943,47.3641183421639
"Zürich, Bhf. Wollishofen/Werft",8.53435512906439,47.3480717946521
Zürich HB Sihlpost,8.53546383632413,47.3781680851762
"Zürich, Neubühl",8.53494379392269,47.3329272423934
"Zürich, Bad Allenmoos",8.53778370537665,47.4058958860625
"Zürich, Buhnstrasse",8.53894310729759,47.4222558074514
"Zürich, Regensbergbrücke",8.53927514882791,47.4088230739159
Zürich HB SZU,8.53902790840885,47.3776124724256
"Zürich, Guggachstrasse",8.54014349396551,47.3957089930016
"Zürich, Max-Bill-Platz",8.54133111122271,47.414047586778
"Zürich, Milchbuck",8.54176297542402,47.3977893987332
"Zürich, Ottikerstrasse",8.54241603589573,47.3851900251277
"Zürich, Haldenegg",8.54441866461875,47.3795759061585
Stettbach,8.59603488941988,47.3969977101268
"Zürich, Strickhof",8.54754291350737,47.3935243752846
"Zürich, Neumarkt",8.5473495796425,47.3727744668029
"Zürich, Salersteig",8.54848005255525,47.4060815116302
"Zürich, Seilbahn Rigiblick",8.54830128880753,47.3860511514477
"Zürich, ETH/Universitätsspital",8.54822483575934,47.3772906242248
Zürich Stadelhofen,8.54866675138064,47.366717062829
"Zürich, Langensteinenstrasse",8.54974689177486,47.3924957515431
"Zürich, Kreuzstrasse",8.54978481236965,47.3631891947154
"Zürich, Elektrowatt",8.55040527147338,47.3573903163537
"Zürich, Hinterbergstrasse",8.5545608025823,47.3801080391201
"Zürich, Flobotstrasse",8.5680392269894,47.3805797280469
"Zürich, Wetlistrasse",8.56862590644576,47.3601548885349
"Zürich, Aubrücke",8.57212697564976,47.4108802809777
"Zürich, Heerenwiesen",8.57632832043809,47.404713336126
"Zürich, Roswiesen",8.57697967133028,47.4029528740345
"Zürich, Probstei",8.58659261528762,47.4002222106282
"Zürich, Loogarten",8.47232923143667,47.3894273402397
"Zürich, Hermetschloo",8.47365114710997,47.3940659173065
"Zürich, Rautistrasse",8.48409111987166,47.3833488265711
"Zürich, Grünaustrasse",8.48921233189132,47.3952297705361
"Zürich, Baslerstrasse",8.49014446197039,47.3887628718028
"Zürich, Friedhof Hönggerberg",8.4941335495354,47.4089382707078
"Zürich, Winzerhalde",8.49456699764464,47.400056259931
"Zürich, Kappeli",8.49536814147532,47.3850092611991
"Zürich, Wieslergasse",8.49595810163726,47.4040643046855
"Zürich, Triemli",8.49534998431292,47.3680627230831
"Zürich, Letzipark West",8.49646787383525,47.3863664440483
"Zürich, Letzigrund",8.50372938216919,47.3812355148453
"Zürich, ETH Hönggerberg",8.50770992025836,47.4086785770633
"Zürich, Im Hagacker",8.50771205797924,47.3592686693936
"Zürich, Fronwald",8.51004411180231,47.4219605400856
"Zürich, Kempfhofsteig",8.50985629389522,47.3974689073788
"Zürich, Förrlibuckstrasse",8.51715520853602,47.392210875892
"Zürich, Allmendstr./Bhf Manegg",8.51910727035192,47.3382308338413
Zürich Manegg,8.51967708366454,47.3382704749289
Zürich Saalsporthalle,8.52223363479074,47.3572893123317
"Zürich, Althoos",8.5240622833995,47.4107029711585
"Zürich, Kernstrasse",8.52426532384041,47.3745049176532
"Zürich, Thujastrasse",8.52780712214505,47.3501846567727
"Zürich, Bahnhof Enge/Bederstr.",8.53045724857742,47.3645519032168
"Zürich, Butzenstrasse",8.53031432803451,47.3414086446379
"Zürich, Billoweg",8.53197622430513,47.3514675457555
"Zürich, Okenstrasse",8.53414326163891,47.388012269798
"Zürich, Brunnenhof",8.53518567901065,47.4019807310532
"Zürich, Birchstrasse",8.5358508113117,47.4130473160437
"Zürich, Schönauring",8.53645118204597,47.4261023695259
"Zürich, Rotbuchstrasse",8.53611780276172,47.3912767402688
Zürich Wollishofen (See),8.5368301591291,47.3455026337128
"Zürich, Himmeri",8.53864470824818,47.4200008997958
"Zürich, Bahnhofplatz/HB",8.53929851985622,47.3772500890294
"Zürich, Beckenhof",8.54044623448575,47.384084438039
"Zürich, Bahnhof Oerlikon",8.54486874614301,47.4114681896004
"Zürich, Langmauerstrasse",8.54478798349379,47.3935417854338
"Zürich, Felsenrainstrasse",8.54537551611591,47.4167254366209
"Zürich, Bahnhof Oerlikon Ost",8.54608712289109,47.413345482545
"Zürich, Zentrum Witikon",8.58659063931128,47.3583225683089
"Zürich, Kinkelstrasse",8.54633376012924,47.3888855032508
"Zürich, Haldenbach",8.54812773650779,47.3802599540136
"Zürich, Winkelriedstrasse",8.54821525691605,47.3831915273835
"Zürich, Vogelsangstrasse",8.54907020077035,47.3835431182911
"Zürich, Messe/Hallenstadion",8.55007904915278,47.4109594603951
"Zürich, Leutschenbach",8.55131741545429,47.4144196367618
"Zürich, Feldeggstrasse",8.55224280778637,47.3604399742933
"Zürich, Signaustrasse",8.55762320678665,47.3632304480104
"Zürich, Englischviertelstrasse",8.5581733713817,47.3667332426398
"Zürich, Hegibachplatz",8.56071689791723,47.36177019203
"Zürich, Altenhofstrasse",8.56141477876649,47.3553048411783
Zürich Tiefenbrunnen,8.56153275508567,47.3502213859498
"Zürich, Hölderlinstrasse",8.5623839225516,47.3661166573222
"Zürich, Zoo",8.57155655941827,47.3815707367891
"Zürich, Kapfstrasse",8.57120215625473,47.361155106147
"Zürich, Schlyfi",8.57414526312495,47.36259242646
"Zürich, Friedhof Eichbühl",8.47453309528895,47.38287722815
"Zürich, Farbhof",8.47905973488457,47.3908780945956
"Zürich, Heizenholz",8.48384990903381,47.4122429144377
"Zürich, Letzibach",8.49468065978223,47.389081303203
"Zürich, Hardhof",8.49747417639247,47.3963507027826
"Zürich, Aargauerstrasse",8.5024777431551,47.3921760315745
"Zürich, SBB-Werkstätte",8.50337231016331,47.3865638805726
"Zürich, Schwert",8.5048012270308,47.3997284294187
"Zürich, Am Börtli",8.50714407322248,47.3996258369259
"Zürich, Lerchenhalde",8.50987618668291,47.4116358642098
"Zürich, Binz Center",8.51104801045578,47.361900297678
"Zürich, Strassenverkehrsamt",8.51130892934487,47.3531545960589
"Zürich, Goldbrunnenplatz",8.51389094171603,47.3702663129225
"Zürich, Zwinglihaus",8.51595507683839,47.3715063947567
"Zürich, Marbachweg",8.51537533159162,47.3303499196024
Zürich Hardbrücke,8.51689915942163,47.3854489763296
"Zürich, Schmiede Wiedikon",8.51906526932161,47.3701280765071
"Zürich, Bahnhof Leimbach",8.51859625372505,47.3332522685078
"Zürich, Schwandenholz",8.52068555245204,47.4238583218104
"Zürich, Lehenstrasse",8.52070559575662,47.3961445030623
"Zürich, Saalsporthalle",8.52057569569882,47.3577816016162
"Zürich, Manegg",8.52035202516562,47.3369688418684
"Zürich, Bäckeranlage",8.52309212623712,47.3786716782175
"Zürich, Rosengartenstrasse",8.52546402166135,47.3943278213815
"Zürich, Bezirksgebäude",8.52555617070376,47.3741689542345
"Zürich, Mötteliweg",8.5264608353793,47.4139546085646
"Zürich, Waffenplatzstrasse",8.52574767936656,47.3614840087019
"Zürich, Werd",8.52679500309663,47.3725831439565
"Zürich, Kantonsschule Enge",8.52751169972185,47.364237896725
"Zürich, Jugendherberge",8.52803872122463,47.3479156835135
Zürich Selnau,8.53163099265524,47.372078732465
"Zürich, Lägernstrasse",8.53217287002086,47.3959106261044
"Zürich, Oberwiesenstrasse",8.53281642831586,47.4104765156249
"Zürich, Bahnhof Selnau",8.53201261339542,47.3706718792496
"Zch, Bhf.Wollishofen/Staubstr.",8.53291763993996,47.3470329895554
Zürich Wollishofen,8.53384545311757,47.3477438081188
"Zürich, Stierenried",8.53547387505893,47.4166219167616
"Zürich, Rote Fabrik",8.53611285046248,47.3428018944743
Zürich HB Museum,8.53848698211702,47.3789938785863
"Zürich, Bahnhofstrasse/HB",8.53944946386621,47.3762232053719
"Zürich, Kantonalbank",8.53974656829361,47.3681697167051
"Zürich, Röslistrasse",8.54050115679688,47.3886624250143
"Zürich, Hertensteinstrasse",8.54348879505836,47.422878087693
"Zürich, Im Ebnet",8.54373402972358,47.4315019481158
"Zürich, Sonneggstrasse",8.54369173731396,47.382839098806
Zürich Bellevue (See),8.54443024986054,47.3660920606075
"Zürich, Mattenhof",8.59091712556766,47.398640999795
"Zürich, Friedhof Witikon",8.60267536278347,47.3613818518555
"Zürich, Polyterrasse ETH",8.54638819435051,47.3768494991291
"Zürich, Schanzackerstrasse",8.5474321955554,47.3920232555722
"Zürich, Seebacherplatz",8.54834391546771,47.4198992114419
"Zürich, Ausserdorfstrasse",8.5485593242719,47.4245115894988
"Zürich, Tierspital",8.55179791126464,47.4019028730843
"Zürich, Platte",8.55263987761213,47.375008336768
"Zürich, Voltastrasse",8.55451949559697,47.3768701827037
"Zürich, Fröhlichstrasse",8.55689806621922,47.3551687682284
"Zürich, Riedgraben",8.5588213895322,47.4108031073501
Zürich Tiefenbrunnen (See),8.56042607857012,47.3498363533856
"Zürich, Hofstrasse",8.56155687522336,47.3733658292259
"Zürich, Frohburg",8.56240486727567,47.4041659306328
"Zürich, Zürichbergstrasse",8.56410657998626,47.3787291240393
"Zürich, Heubeeriweg",8.56473652659479,47.3815924427894
"Zürich, Hölderlinsteig",8.56492778845248,47.3668294834814
"Zürich, Hedwigsteig",8.56503075954267,47.3604238884761
"Zürich, Bleulerstrasse",8.57156734459618,47.3471908990201
"Zürich, Balgrist",8.57500784293179,47.3546141573972
"Zürich, Klinik Hirslanden",8.57667875665785,47.3516562506619
"Zürich, Zoo/Forrenweid",8.57808927114202,47.3804990254514
"Zürich, Schürgistrasse",8.57959651088087,47.4088368617061
"Zürich, Waserstrasse",8.58404891817236,47.3583208231476
"Zürich, Parkplatz Feldermoos",8.46668724013564,47.3695447229927
"Zürich, Salzweg",8.47176603064341,47.3877053377686
"Zürich, Rütihof",8.47741186814958,47.4137041560525
"Zürich, Grünwald",8.48316928576065,47.4174031671304
"Zürich, Albisrieden",8.48478923360399,47.3743834441605
"Zürich, Giblenstrasse",8.48595360469936,47.4107307118921
"Zürich, Solidapark",8.48849485456536,47.3877254542086
"Zürich, Grimselstrasse",8.49008248656207,47.3869644304656
"Zürich, Singlistrasse",8.4934880224361,47.4051123027971
"Zürich, Triemlispital",8.49688403563952,47.3659708110967
"Zürich, Kappenbühlweg",8.4982415603223,47.4029639936122
"Zürich, Hungerbergstrasse",8.50151803503798,47.4210947654433
"Zürich, Langgrütstrasse",8.5010637155314,47.3737401793318
"Zürich, Schaufelbergerstrasse",8.50177480097493,47.3688942784303
"Zürich, Hönggerberg",8.50481469232139,47.4050353602654
"Zürich, Blumenfeldstrasse",8.50524293382732,47.4237769373174
"Zürich, Rebbergsteig",8.51490789426843,47.3970261892511
"Zürich, Räffelstrasse",8.5146660358586,47.3627481667953
"Zürich, Technopark",8.51534307231481,47.3890615151651
"Zürich, Waidfussweg",8.51908657707749,47.3953500972962
"Zürich, Schiffbau",8.51985207413313,47.3880299520439
"Zürich, Manesseplatz",8.52163296332299,47.3655165127399
"Zürich, Sihlcity Nord",8.52303131237643,47.3600613279953
"Zürich, Bahnhof Wiedikon",8.52420323204923,47.3714561553124
Zürich Brunau,8.52631666792697,47.3517368836671
"Zürich, Krematorium Nordheim",8.52823311824331,47.4053656585656
"Zürich, Weihersteig",8.52866324550306,47.3978957129477
"Zürich, Birchdörfli",8.53059631350303,47.4075381450481
"Zürich, Arnikahof",8.53096118624254,47.4156392135694
"Zürich, Chaletweg",8.53121943319177,47.4133700291557
"Zürich, Wollishoferplatz",8.53016097338809,47.3384416724688
"Zürich, Sukkulentensammlung",8.53429743648955,47.3549266806374
"Zürich, Friedhof Schwandenholz",8.53769182069847,47.421350218625
Zürich Enge (See),8.53726498971444,47.3589013410894
"Zürich, Bürkliplatz",8.54077211273579,47.3665408056835
Zürich Bürkliplatz (See),8.5409923444419,47.3656661727154
"Zürich, Bahnhofquai/HB",8.54168710280902,47.3774881644016
Zürich Storchen,8.54196629125858,47.3711439207675
Zürich Limmatquai,8.54261530323496,47.3730716770616
"Zürich, Scheuchzerstrasse",8.54397989380699,47.3877926522318
"Zürich, Stodolastrasse",8.59055790942144,47.35690678295
"Zürich, Bahnhof Stettbach",8.59613365939007,47.3972755710955
"Zürich, Dorflinde",8.54924963897274,47.4074053889668
"Zürich, Hadlaubstrasse",8.55132339109125,47.3867956667372
"Zürich, Ettenfeld",8.55368192418003,47.4254517522529
"Zürich, Chinagarten",8.55295297607551,47.3545142763092
"Zürich, Riedbach",8.55840928993386,47.4145220619985
"Zürich, Wonnebergstrasse",8.56654379847803,47.351845656717
"Zürich, Susenbergstrasse",8.56800920596639,47.3785381172684
"Zürich, Auzelg Ost",8.57197088105539,47.4135083773097
"Zürich, Burgwies",8.57186360376747,47.3580182756162
"Zürich, Im Klösterli",8.57693262668476,47.3846302206168
"Zürich, Rautihalde",8.47410711206791,47.3861732209965
"Zürich, Neeserweg",8.47470958425124,47.390593361089
"Zürich, Schulhaus Buchlern",8.47856764067224,47.3846669728705
"Zürich, Geeringstrasse",8.48043437220867,47.414441526842
"Zürich, Albisriederdörfli",8.48521801722734,47.375315045875
"Zürich, Winzerstrasse",8.48631977954256,47.4037472997081
"Zürich, Sädlenweg",8.48746608491776,47.3677567900086
"Zürich, Fellenbergstrasse",8.48841725347896,47.3757177795024
"Zürich, In der Ey",8.49162626069989,47.3692391066085
"Zürich, Flurstrasse",8.49198850289906,47.3815410511152
"Zürich, Letzipark",8.49921100034271,47.38777150862
"Zürich, Im Gut",8.5033651695379,47.3736110477287
"Zürich, Sportweg",8.50584444329792,47.3916232745496
Zürich Affoltern,8.50875122205665,47.4209380933914
"Zürich, Friesenberg",8.50799800380418,47.3642853020265
"Zürich, Im Wingert",8.50883626017338,47.4014271732212
"Zürich, Toni-Areal",8.51070327328328,47.3901840643958
"Zürich, Zypressenstrasse",8.51376892412408,47.3766899521974
"Zürich, Schumacherweg",8.51459195208821,47.412212720772
"Zürich, Lochergut",8.51750391648495,47.375413805868
"Zürich, Glaubtenstrasse Süd",8.51868938341102,47.413658684534
"Zürich, Binz",8.51832437352715,47.3629658868148
"Zürich, Hürstholz",8.52286303451282,47.416884799144
"Zürich, Waidhof",8.52303162793825,47.4238633268692
Zürich Wiedikon,8.52299242287369,47.3718183384224
"Zürich, Wipkingerplatz",8.52357375706736,47.3925735569369
"Zürich, Helvetiaplatz",8.52573258311023,47.3763261221548
"Zürich, Verenastrasse",8.52537954897423,47.3408255414922
"Zürich, Quellenstrasse",8.52875295377367,47.3867409746102
"Zürich, Maillartstrasse",8.53209920990729,47.4162041355411
"Zürich, Museum Rietberg",8.53155696592886,47.360718558211
"Zürich, Kalchbühlweg",8.53151389265199,47.3405337534245
"Zürich, Lettenstrasse",8.53257086391782,47.3901320188215
"Zürich, Bucheggplatz",8.53328324799908,47.3983737568622
"Zürich, Nürenbergstrasse",8.53343573040414,47.3922556625137
"Zürich, Bahnhof Wollishofen",8.53331066966418,47.348126678481
"Zürich, Rentenanstalt",8.53504052794459,47.3633840872149
"Zürich, Stockerstrasse",8.53541081680243,47.3678691552518
"Zürich, Stampfenbachplatz",8.54276489480026,47.3802933446235
Zürich Oerlikon,8.54440076459065,47.41190442949
"Zürich, Central Polybahn",8.54407681926919,47.3765028405223
"Zürich, Sternen Oerlikon",8.54623103042106,47.4100699064439
"Zürich, Trichtenhausenfussweg",8.598600428308,47.354199644285
"Zürich, Glockenacker",8.59890581640214,47.3609340438782
"Zürich, Seebach",8.54977650000136,47.4218643574316
"Zürich, Schäppiweg",8.55089480898816,47.3897411980354
"Zürich, Germaniastrasse",8.55221776452264,47.3871288647056
"Zürich, Leutschenpark",8.55519336048331,47.4166220314085
"Zürich, Hagenholz",8.5551747984801,47.414472393488
"Zürich, Toblerplatz",8.55934671107531,47.37909023128
"Zürich, Genossenschaftsstrasse",8.562372713955,47.4152032057622
"Zürich, Bircher-Benner",8.5647981827392,47.3757359859386
"Zürich, Titlisstrasse",8.56488205701704,47.3709317393795
"Zürich, Klusplatz",8.56635100436572,47.3640090900046
"Zürich, Waldhaus Dolder",8.56847852630172,47.3731903886153
"Zürich, EPI-Klinik",8.57065858165396,47.3486480508695
"Zürich, Kindersp. (ab 2.11.24)",8.57219619568146,47.3524919299592
"Zürich, Im Walder",8.57414436332461,47.3482540085711
"Zürich, Drusbergstrasse",8.57883669353287,47.3603423669598
"Zürich, Glattwiesen",8.58176006431455,47.4016013945238
"Zürich, Micafil",8.47450533686651,47.3930328350627
"Zürich, Winzerstrasse Süd",8.48621732658296,47.403253504626
"Zürich, Hohenklingensteig",8.49020734084848,47.4013463139306
"Zürich, Würzgraben",8.49484631855162,47.3920931228482
"Zürich, Mühlacker",8.49635761865188,47.4261882492242
"Zürich, Schützenhaus Höngg",8.49705110192868,47.4097301355778
"Zürich, Meierhofplatz",8.4993751963946,47.4020091199286
"Zürich, Freihofstrasse",8.49937220848291,47.3832275298462
"Zürich, Aspholz",8.5010124968784,47.4249852275958
"Zürich, Friesenberghalde",8.50240078464515,47.3611167412713
"Zürich, Schweighof",8.50269884714421,47.3647750068977
"Zürich, Gutstrasse",8.50663800417369,47.3717368398079
"Zürich, Altes Krematorium",8.50787199573256,47.3778061044755
"Zürich, Albisgütli",8.50771176583267,47.3519916022979
Zürich Friesenberg,8.50802080148257,47.3647618322072
"Zürich, Lerchenrain",8.50949232193281,47.4142929417506
"Zürich, Appenzellerstrasse",8.50952760021454,47.3989111581736
"Zürich, Talwiesenstrasse",8.50964747152242,47.3699459342416
"Zürich, Grubenstrasse",8.51167587983444,47.3628389541494
"Zürich, Im Hüsli",8.5126997980437,47.3282339868371
"Zürich, Sihlweidstrasse",8.51466091875494,47.3264166736984
"Zürich, Güterbahnhof",8.51997358992719,47.3803110335393
"Zürich, Waidspital",8.52165514240261,47.399193924237
"Zürich, Nordheimstrasse",8.53051446550807,47.4035451205281
"Zürich, Dangelstrasse",8.52996204085655,47.3345396244988
"Zürich, Bhf Enge Pausenplatz",8.53145852436806,47.3656038610917
"Zürich, Berufswahlschule",8.53332702885994,47.4043730446229
"Zürich, Obere Hornhalde",8.5363101579309,47.3311691775413
Zürich HB,8.53794697978121,47.3784952915085
"Zürich, Rennweg",8.53827276237968,47.3731041048216
"Zürich, Paradeplatz",8.53890499476572,47.3697338987629
"Zürich, Helmhaus",8.54329461569728,47.3700697958379
Zürich Seebach,8.54449732486931,47.4184698811888
"Zürich, Universität Irchel",8.5448290725924,47.3961589641202
"Zürich, Letzistrasse",8.54549690992288,47.3906835496356
"Zürich, Altried",8.59109808508698,47.4057813428288
"Zürich, Kienastenwies",8.60092412865867,47.3551387726336
"Zürich, Berninaplatz",8.54799382898621,47.4037294713043
"Zürich, Kantonsschule",8.55052632524793,47.3727169447539
"Zürich, Sprecherstrasse",8.55225772415141,47.3674920594333
"Zürich, Rigiblick",8.55341409106852,47.3873332109951
"Zürich, Hallenbad Oerlikon",8.55586439310472,47.4107057953423
"Zürich, Spyristeig",8.55619941057811,47.3862538721596
"Zürich, Waldgarten",8.5571885769031,47.403721803241
"Zürich, Römerhof",8.56053397979191,47.368176552159
"Zürich, Bahnhof Tiefenbrunnen",8.56099417069729,47.3504155229326
"Zürich, Saatlenstrasse",8.56286304391115,47.4108088436021
"Zürich, Freiestrasse",8.56297597591202,47.3628006591027
"Zürich, Herbstweg",8.56478251786998,47.4088382254857
"Zürich, Dreispitz",8.56716928216225,47.4107938653187
"Zürich, Auzelg",8.56882678561408,47.4170922151469
"Zürich, Friedrichstrasse",8.5690644452671,47.4039390726617
"Zürich, Schwamendingerplatz",8.57188724008687,47.40459505636
"Zürich, Dreiwiesen",8.57564321067136,47.3788230367071
"Zürich, Dunkelhölzli",8.47005386707664,47.3888899833078
"Zürich, Frankental",8.48162365089405,47.4054718313676
"Zürich, Bachmattstrasse",8.48304819694855,47.3889261768061
"Zürich, Bändliweg",8.48500869956363,47.3963563041984
"Zürich, Lindenplatz",8.48611259126185,47.3878190354401
"Zürich, Goldackerweg",8.48793140443871,47.3718902972175
"Zürich, Bahnhof Altstetten",8.48837606830145,47.3911086608462
Zürich Altstetten,8.48908878770938,47.391650879836
"Zürich, Bahnhof Altstetten N",8.48990498766257,47.3920662228843
"Zürich, Wartau",8.49182477640888,47.4027437994743
"Zürich, Siemens",8.49400680570112,47.378464313091
"Zürich, Schulhaus Altweg",8.49420203458969,47.3722739230434
"Zürich, Hubertus",8.49911058967042,47.3774011317847
"Zürich, Schauenberg",8.50693317533921,47.4161965696491
"Zürich, Heuried",8.50635305302719,47.369409743447
"Zürich, Bahnhof Affoltern",8.50741757691561,47.4211842986154
"Zürich, Unteraffoltern",8.51126530423538,47.4240270527892
"Zürich, Fischerweg",8.51212256448306,47.393571015982
"Zürich, Waidbadstrasse",8.51354294388557,47.3989728258512
"Zürich, Hardplatz",8.51453186270794,47.3823407589721
"Zürich, Mittelleimbach",8.51429050654038,47.3231368663303
"Zürich, Laubegg",8.51708693798767,47.3587317417038
"Zürich, Glaubtenstrasse",8.51892501402358,47.4141691976413
Zürich Binz,8.51855588891707,47.3626309019892
Zürich Leimbach,8.51903609081829,47.3334100662286
"Zürich, Sihlcity",8.52226076063794,47.3579726898886
"Zürich, Hertersteg",8.52298769889126,47.3676806241043
"Zürich, Maienweg",8.52638912143341,47.4078476660273
"Zürich, Löwenbräu",8.52600601654988,47.3884309499507
"Zürich, Besenrainstrasse",8.52785661560989,47.3454797031856
"Zürich, Bahnhof Enge",8.5315738943655,47.3641275640376
"Zürich, Renggerstrasse",8.53295767189516,47.3444689758119
"Zürich, Staudenbühl",8.53535819647287,47.4200141335124
"Zürich, Schweizer Rück",8.53545645384653,47.359791065122
"Zürich, Köschenrüti",8.53709512416566,47.4290466095713
"Zürich, Bollingerweg",8.53790386816145,47.4142871144725
"Zürich, Neunbrunnen",8.53822963154189,47.4165867423665
"Zürich, Löwenplatz",8.53743017364375,47.3759096109638
"Zürich, Schaffhauserplatz",8.53870899491719,47.3916748691374
"Zürich, Seerose",8.53813691471488,47.3389146857304
"Zürich, Stadtgrenze",8.54147095529104,47.3350419110433
"Zürich, Rathaus",8.54287898464799,47.3717378740939
"Zürich, Hirschwiesenstrasse",8.54349694068116,47.4002734655653
"Zürich, Bahnhof Oerlikon Nord",8.54393408175367,47.4124036202261
"Zürich, Birch-/Glatttalstrasse",8.54614092905634,47.4274041874186
"Zürich, Bellevue",8.54508653817144,47.3670932341815
"Zürich, Buchholz",8.58869872570813,47.3609282078636
"Zürich, Loorenstrasse",8.59452708143004,47.3598625439726
"Zürich, Zweiackerstrasse",8.59788140577899,47.3570493766439
"Zürich, Opernhaus",8.54751632747118,47.3655137653087
"Zürich, Bahnhof Stadelhofen",8.54815456280039,47.3662812208306
"Zürich, Kunsthaus",8.54914143069887,47.3704365009735
"Zürich, Goldauerstrasse",8.54996198870749,47.3862960477929
"Zürich, Friedackerstrasse",8.55348443037165,47.4058894274765
Zürichhorn (See),8.55319092955466,47.3519663322479
"Zürich, Höschgasse",8.55420382800568,47.3579923410385
"Zürich, Wildbachstrasse",8.55885526945219,47.3531888370852
"Zürich, Kirche Fluntern",8.55938284708567,47.3764003266843
"Zürich, Tulpenstrasse",8.5685277616142,47.4061211356588
"Zürich, Bergstation Dolderbahn",8.57470250137196,47.3732102959843
"Zürich, Balgrist Ost",8.57503718645353,47.3547487973854
"Zürich, Luegisland",8.58139098774058,47.4060126571048
"Zürich, Rehalp",8.58297895743232,47.3510272760377
"Zürich, Tobelhof",8.58558275718682,47.3828535716671
"Zürich, Buchzelgstrasse",8.58524560357708,47.3591814864732
